subject_name,subject,Topic 0,Topic 1,Topic 2,Topic 3,Topic 4,Topic 5,Topic 6,Topic 7
Arts,ARTS,0,0,4,0,0,1,5,0
Arts and Humanities,ARHU,0,0,0,0,0,0,2,0
Behavior Science,BEHAVSCI,5,3,0,0,0,0,0,3
Biology,BIOL,1,1,0,31,0,0,0,1
Capstone,CAPSTONE,0,0,0,0,0,2,0,0
Chemistry,CHEM,0,10,0,5,0,1,0,0
Chinese,CHINESE,0,0,7,0,0,6,1,0
Chinese Society and Culture,CHSC,0,0,6,0,0,1,0,0
Computer Design,COMPDSGN,0,1,0,0,0,0,0,0
Computer Science,COMPSCI,0,27,0,0,0,0,0,0
Cultural Anthropology,CULANTH,2,0,3,0,7,0,6,3
Cultures and Movements,CULMOVE,2,0,1,0,5,0,0,2
Economics,ECON,23,6,0,0,0,0,0,0
English for Academic Purposes,EAP,0,0,0,0,0,6,1,0
Environment,ENVIR,13,2,2,7,0,0,0,0
Ethics and Leadership,ETHLDR,4,0,0,0,1,0,0,7
French,FRENCH,0,0,0,0,0,2,0,0
German,GERMAN,0,0,0,0,0,2,0,0
Global Challenges,GLOCHALL,0,0,0,0,0,1,0,0
Global China Studies,GCHINA,0,0,10,0,0,0,0,0
Global Cultural Studies,GCULS,0,0,3,0,4,0,3,8
Global Health,GLHLTH,8,0,0,6,0,0,2,2
History,HIST,3,0,19,1,28,0,7,1
Information Science,INFOSCI,0,7,0,0,0,0,12,0
Institutions and Governance,INSTGOV,0,1,0,0,0,0,0,0
Integrated Science,INTGSCI,0,2,0,0,0,0,0,0
Italian,ITALIAN,0,0,0,0,0,2,0,0
Japanese,JAPANESE,0,0,0,0,0,4,0,0
Korean,KOREAN,0,0,0,0,0,2,0,0
LEAST,LEAST,0,0,0,0,0,1,0,0
Literature,LIT,0,0,9,0,19,1,11,1
Material Science,MATSCI,0,9,0,1,0,0,0,0
Mathematics,MATH,0,32,0,0,0,0,0,0
Media,MEDIA,0,0,2,0,0,0,4,0
Media and Arts,MEDIART,0,1,4,0,0,5,44,1
Military Science,MILITSCI,0,0,0,0,0,2,0,0
Music,MUSIC,0,0,0,0,0,3,0,0
Neuroscience,NEUROSCI,0,1,0,2,0,0,0,3
Philosophy,PHIL,1,3,3,0,2,1,1,17
Physical Education,PHYSEDU,0,0,0,0,0,32,0,0
Physics,PHYS,0,18,0,1,0,1,0,0
Political Economy,POLECON,5,0,3,0,0,0,0,0
Political Science,POLSCI,9,0,4,0,19,0,0,6
Psychology,PSYCH,0,3,0,0,0,0,0,6
Public Policy,PUBPOL,25,0,1,0,7,0,1,4
Religious Studies,RELIG,0,0,2,0,0,0,1,15
Research Independent Study,RINDSTU,1,0,0,0,0,0,0,0
Social Science,SOSC,5,3,0,0,3,0,1,3
Sociology,SOCIOL,2,0,2,0,3,0,0,7
Spanish,SPANISH,0,0,0,0,0,3,0,0
Statistics,STATS,2,13,0,0,0,0,0,0
US Studies,USTUD,0,0,0,0,2,0,0,2
Written and Oral Communication,WOC,1,0,4,0,0,12,7,0
